prediction,trip_count,avg_trip_distance,avg_total_amount
0,299,10.66773891104649,85.06583906496472
1,311,10.228527729906578,54.78113637493642
2,390,10.939133786724252,22.029060557643817
