pickup_dayofweek,trip_count,avg_fare
1,172,51.569048296345414
2,171,51.02487815154182
3,136,49.11896196345006
4,109,52.21364040414194
5,156,51.03817974742311
6,114,51.47020428884448
7,142,51.174630133934855
