passenger_count,trip_count,avg_fare,avg_distance
1,184,51.53778629344353,11.192526192149607
2,238,49.92628514398847,10.446740518320151
3,201,52.52134354769603,10.65741638784085
4,180,50.86587403457218,10.594955730375684
5,197,50.68475628902536,10.365514959832224
